{
	"100110": [
		[
			{
				"_Position": {
					"T": "V3",
					"x": 1.555478,
					"y": 0.005005777,
					"z": -48.96319
				},
				"_Rotation": {
					"T": "Q",
					"x": 0,
					"y": 0.7077234,
					"z": 0,
					"w": -0.7064897
				}
			}
		]
	]
}